t	pg_conns	cl_active	cl_waiting	sv_active	sv_idle	maxwait	core_ms	hub_ms	vllm_ms	load1	available_mb	core_cpu	core_mem	items	outbox_rows	outbox_attempted	outbox_failed	outbox_leased
02:15:59	11	7	0	0	1	0	90:200	133:200	6:200	1.95	8564	1.37%	84.81MiB	80	1	0	0	0
02:16:00	11	7	0	0	1	0	95:200	95:200	1:200	2.03	8726	1.37%	84.81MiB	80	1	0	0	0
02:16:05	11	7	0	0	1	0	105:200	93:200	1:200	2.03	8623	0.13%	84.31MiB	80	1	0	0	0
02:16:06	11	7	0	0	1	0	92:200	91:200	1:200	2.19	8597	0.13%	84.31MiB	80	1	0	0	0
02:16:11	11	7	0	0	1	0	100:200	115:200	1:200	2.19	8383	0.22%	84.63MiB	80	1	0	0	0
02:16:12	11						14:error	93:200	1:200	2.1	8292	0.22%	84.63MiB	80	1	0	0	0
02:16:16	11	7	0	0	2	0	102:error	92:200	1:200	2.17	8407	93.68%	271.7MiB	80	1	0	0	0
02:16:54	11	8	0	0	1	0	156:200	98:200	8:200	2.08	8365	0.19%	600.5MiB	81	0	0	0	0
02:16:56	11	8	0	0	1	0	94:200	90:200	1:200	2.08	8360	0.19%	600.5MiB	81	0	0	0	0
02:17:00	11	8	0	0	1	0	88:200	91:200	1:200	2.08	8491	0.30%	600.7MiB	81	0	0	0	0
02:17:02	11	8	0	0	1	0	93:200	95:200	1:200	2.07	8358	0.30%	600.7MiB	81	0	0	0	0
02:17:06	11	8	0	0	1	0	93:200	88:200	1:200	2.15	8057	0.36%	600.5MiB	81	0	0	0	0
02:17:08	11	8	0	0	1	0	92:200	103:200	1:200	2.15	7698	0.36%	600.5MiB	81	0	0	0	0
02:17:12	11	8	0	0	1	0	86:200	88:200	1:200	2.21	7994	0.11%	600.4MiB	81	0	0	0	0
02:17:14	11	8	0	0	1	0	103:200	94:200	1:200	2.21	7937	0.11%	600.4MiB	81	0	0	0	0
02:17:18	11	8	0	0	1	0	100:200	127:200	1:200	2.28	7914	0.44%	600.6MiB	81	0	0	0	0
02:17:20	11	8	0	0	1	0	92:200	97:200	1:200	2.34	8275	0.44%	600.6MiB	81	0	0	0	0
02:17:24	11	8	0	0	1	0	127:200	90:200	1:200	2.34	8251	0.15%	600.4MiB	81	0	0	0	0
02:17:26	11	8	0	0	1	0	104:200	93:200	1:200	2.23	8442	0.15%	600.4MiB	81	0	0	0	0
02:17:30	11	8	0	0	1	0	84:200	97:200	1:200	2.23	8308	0.63%	600.9MiB	81	0	0	0	0
02:17:32	11	8	0	0	1	0	90:200	93:200	1:200	2.21	8373	0.63%	600.9MiB	81	0	0	0	0
02:17:36	11	8	0	0	1	0	88:200	85:200	1:200	2.43	8003	1.35%	600.8MiB	81	0	0	0	0
02:17:38	11	8	0	0	1	0	92:200	94:200	1:200	2.43	7817	1.35%	600.8MiB	81	0	0	0	0
02:17:42	11	8	0	0	1	0	88:200	130:200	1:200	2.48	8211	1.24%	600.4MiB	81	0	0	0	0
02:17:44	11	8	0	0	1	0	90:200	100:200	1:200	2.48	8476	1.24%	600.4MiB	81	0	0	0	0
02:17:48	11	8	0	0	1	0	97:200	96:200	1:200	2.36	8481	0.22%	600.4MiB	81	0	0	0	0
02:17:50	11	8	0	0	1	0	88:200	94:200	1:200	2.41	8406	0.22%	600.4MiB	81	0	0	0	0
02:17:54	11	8	0	0	1	0	97:200	99:200	1:200	2.41	8235	0.46%	600.6MiB	81	0	0	0	0
02:17:56	11	8	0	0	1	0	98:200	90:200	1:200	2.46	8412	0.46%	600.6MiB	81	0	0	0	0
02:18:00	11	8	0	0	1	0	101:200	103:200	1:200	2.46	8355	0.47%	600.7MiB	81	0	0	0	0
02:18:02	11	8	0	0	1	0	115:200	101:200	1:200	2.26	8240	0.47%	600.7MiB	81	0	0	0	0
02:18:06	11	8	0	0	1	0	97:200	96:200	1:200	2.24	8380	1.26%	600.4MiB	81	0	0	0	0
02:18:08	11	8	0	0	1	0	99:200	118:200	1:200	2.24	8339	1.26%	600.4MiB	81	0	0	0	0
02:18:12	11	8	0	0	1	0	116:200	102:200	1:200	2.14	8166	1.63%	600.7MiB	81	0	0	0	0
02:18:14	11	8	0	0	1	0	103:200	96:200	1:200	2.14	8073	1.63%	600.7MiB	81	0	0	0	0
02:18:18	11	8	0	0	1	0	93:200	90:200	1:200	2.05	8131	0.51%	601MiB	81	0	0	0	0
02:18:20	11	8	0	0	1	0	96:200	115:200	1:200	2.13	8049	0.51%	601MiB	81	0	0	0	0
02:18:24	11	8	0	0	1	0	95:200	98:200	2:200	2.13	8058	0.63%	600.4MiB	81	0	0	0	0
02:18:26	11	8	0	0	1	0	175:200	96:200	1:200	2.2	7919	0.63%	600.4MiB	81	0	0	0	0
02:18:30	11	8	0	0	1	0	88:200	93:200	1:200	2.2	8002	0.83%	600.9MiB	81	0	0	0	0
02:18:32	11	8	0	0	1	0	87:200	104:200	1:200	2.02	8424	0.83%	600.9MiB	81	0	0	0	0
02:18:36	10	8	0	0	1	0	91:200	86:200	1:200	2.1	8564	0.44%	600.4MiB	81	0	0	0	0
02:18:38	10	8	0	0	1	0	93:200	114:200	1:200	2.1	8449	0.44%	600.4MiB	81	0	0	0	0
02:18:42	10	8	0	0	1	0	123:200	118:200	1:200	2.09	8387	2.19%	600.4MiB	81	0	0	0	0
02:18:44	10	8	0	0	1	0	101:200	92:200	1:200	2.09	8310	2.19%	600.4MiB	81	0	0	0	0
02:18:48	10	8	0	0	1	0	90:200	125:200	1:200	2.08	8281	0.27%	600.6MiB	81	0	0	0	0
02:18:50	10	8	0	0	1	0	91:200	97:200	1:200	2.4	8494	0.27%	600.6MiB	81	0	0	0	0
02:18:54	10	8	0	0	1	0	89:200	91:200	1:200	2.4	8465	0.46%	600.4MiB	81	0	0	0	0
02:18:56	10	8	0	0	1	0	101:200	114:200	1:200	2.28	8407	0.46%	600.4MiB	81	0	0	0	0
02:19:00	10	8	0	0	1	0	88:200	88:200	1:200	2.28	8389	1.17%	600.7MiB	81	0	0	0	0
02:19:02	10	8	0	0	1	0	103:200	99:200	1:200	2.26	8338	1.17%	600.7MiB	81	0	0	0	0
02:19:06	10	8	0	0	1	0	91:200	118:200	1:200	2.24	8388	1.26%	600.8MiB	81	0	0	0	0
02:19:08	10	8	0	0	1	0	91:200	91:200	1:200	2.24	8510	1.26%	600.8MiB	81	0	0	0	0
02:19:12	10	8	0	0	1	0	110:200	89:200	1:200	2.14	8377	0.27%	600.4MiB	81	0	0	0	0
02:19:14	10	8	0	0	1	0	87:200	100:200	1:200	2.14	8249	0.27%	600.4MiB	81	0	0	0	0
02:19:18	10	8	0	0	1	0	86:200	83:200	1:200	2.13	8392	1.21%	600.5MiB	81	0	0	0	0
02:19:20	10	8	0	0	1	0	87:200	103:200	1:200	2.13	8319	1.21%	600.5MiB	81	0	0	0	0
02:20:14	10	7	0	0	2	0	94:200	87:200	6:200	3.4	8488	0.62%	81.62MiB	81	0	0	0	0
02:20:16	10	7	0	0	2	0	89:200	128:200	2:200	3.53	8608	0.62%	81.62MiB	81	0	0	0	0
02:20:20	10	7	0	0	2	0	91:200	89:200	1:200	3.53	8865	0.47%	81.53MiB	81	0	0	0	0
02:20:23	10	7	0	0	1	0	111:200	99:200	1:200	3.32	8865	0.47%	81.53MiB	81	0	0	0	0
02:20:27	10	7	0	0	1	0	97:200	93:200	1:200	3.3	8736	0.62%	81.85MiB	81	0	0	0	0
02:20:28	10	7	0	0	1	0	88:200	105:200	1:200	3.3	8940	0.62%	81.85MiB	81	0	0	0	0
02:20:32	10	7	0	0	1	0	103:200	93:200	1:200	3.11	8747	0.70%	81.72MiB	81	0	0	0	0
02:20:34	10	7	0	0	1	0	136:200	97:200	1:200	3.11	8869	0.70%	81.72MiB	81	0	0	0	0
02:20:38	10	7	0	0	1	0	92:200	98:200	1:200	2.94	8752	0.55%	81.53MiB	81	0	0	0	0
02:20:40	10	7	0	0	1	0	94:200	90:200	1:200	2.87	8794	0.55%	81.53MiB	81	0	0	0	0
02:20:44	10	7	0	0	1	0	104:200	95:200	1:200	2.87	8714	1.79%	81.66MiB	81	0	0	0	0
02:20:46	10	7	0	0	1	0	87:200	83:200	1:200	2.8	8638	1.79%	81.66MiB	81	0	0	0	0
02:20:51	10	7	0	0	1	0	94:200	92:200	1:200	2.8	8783	0.39%	81.54MiB	81	0	0	0	0
02:20:52	10	7	0	0	1	0	89:200	126:200	1:200	2.65	8664	0.39%	81.54MiB	81	0	0	0	0
02:20:57	10	7	0	0	1	0	89:200	96:200	1:200	2.92	8524	0.52%	81.56MiB	81	0	0	0	0
