02:16:10.053,1,note:attempts=0:leased=false:failed=false,80,2026-10-08 05:42:57.927426+00
02:16:10.303,1,note:attempts=0:leased=false:failed=false,80,2026-10-08 05:42:57.927426+00
02:16:10.553,1,note:attempts=0:leased=false:failed=false,80,2026-10-08 05:42:57.927426+00
02:16:10.802,1,note:attempts=0:leased=false:failed=false,80,2026-10-08 05:42:57.927426+00
02:16:11.052,1,note:attempts=0:leased=false:failed=false,80,2026-10-08 05:42:57.927426+00
02:16:11.302,1,note:attempts=0:leased=false:failed=false,80,2026-10-08 05:42:57.927426+00
02:16:11.554,1,note:attempts=0:leased=false:failed=false,80,2026-10-08 05:42:57.927426+00
02:16:11.802,1,note:attempts=0:leased=false:failed=false,80,2026-10-08 05:42:57.927426+00
02:16:12.052,1,note:attempts=0:leased=false:failed=false,80,2026-10-08 05:42:57.927426+00
02:16:12.304,1,note:attempts=0:leased=false:failed=false,80,2026-10-08 05:42:57.927426+00
02:16:12.552,1,note:attempts=0:leased=false:failed=false,80,2026-10-08 05:42:57.927426+00
02:16:12.802,1,note:attempts=0:leased=false:failed=false,80,2026-10-08 05:42:57.927426+00
02:16:13.052,1,note:attempts=0:leased=false:failed=false,80,2026-10-08 05:42:57.927426+00
02:16:13.302,1,note:attempts=0:leased=false:failed=false,80,2026-10-08 05:42:57.927426+00
02:16:13.552,1,note:attempts=0:leased=false:failed=false,80,2026-10-08 05:42:57.927426+00
02:16:13.802,1,note:attempts=0:leased=false:failed=false,80,2026-10-08 05:42:57.927426+00
02:16:14.052,1,note:attempts=0:leased=false:failed=false,80,2026-10-08 05:42:57.927426+00
02:16:14.302,1,note:attempts=0:leased=false:failed=false,80,2026-10-08 05:42:57.927426+00
02:16:14.552,1,note:attempts=0:leased=false:failed=false,80,2026-10-08 05:42:57.927426+00
02:16:14.802,1,note:attempts=0:leased=false:failed=false,80,2026-10-08 05:42:57.927426+00
02:16:15.052,1,note:attempts=0:leased=false:failed=false,80,2026-10-08 05:42:57.927426+00
02:16:15.302,1,note:attempts=0:leased=false:failed=false,80,2026-10-08 05:42:57.927426+00
02:16:15.552,1,note:attempts=0:leased=false:failed=false,80,2026-10-08 05:42:57.927426+00
02:16:15.802,1,note:attempts=0:leased=false:failed=false,80,2026-10-08 05:42:57.927426+00
02:16:16.052,1,note:attempts=0:leased=false:failed=false,80,2026-10-08 05:42:57.927426+00
02:16:16.303,1,note:attempts=0:leased=false:failed=false,80,2026-10-08 05:42:57.927426+00
02:16:16.553,1,note:attempts=0:leased=false:failed=false,80,2026-10-08 05:42:57.927426+00
02:16:16.803,1,note:attempts=0:leased=false:failed=false,80,2026-10-08 05:42:57.927426+00
02:16:17.052,1,note:attempts=0:leased=false:failed=false,80,2026-10-08 05:42:57.927426+00
02:16:17.303,1,note:attempts=0:leased=true:failed=false,80,2026-10-08 05:42:57.927426+00
02:16:17.552,1,note:attempts=0:leased=true:failed=false,80,2026-10-08 05:42:57.927426+00
02:16:17.802,1,note:attempts=0:leased=true:failed=false,80,2026-10-08 05:42:57.927426+00
02:16:18.052,1,note:attempts=0:leased=true:failed=false,80,2026-10-08 05:42:57.927426+00
02:16:18.302,1,note:attempts=0:leased=true:failed=false,80,2026-10-08 05:42:57.927426+00
02:16:18.552,1,note:attempts=0:leased=true:failed=false,80,2026-10-08 05:42:57.927426+00
02:16:18.802,1,note:attempts=0:leased=true:failed=false,80,2026-10-08 05:42:57.927426+00
02:16:19.052,1,note:attempts=0:leased=true:failed=false,80,2026-10-08 05:42:57.927426+00
02:16:19.302,1,note:attempts=0:leased=true:failed=false,80,2026-10-08 05:42:57.927426+00
02:16:19.552,1,note:attempts=0:leased=true:failed=false,80,2026-10-08 05:42:57.927426+00
02:16:19.802,1,note:attempts=0:leased=true:failed=false,80,2026-10-08 05:42:57.927426+00
02:16:20.052,1,note:attempts=0:leased=true:failed=false,80,2026-10-08 05:42:57.927426+00
02:16:20.302,1,note:attempts=0:leased=true:failed=false,80,2026-10-08 05:42:57.927426+00
02:16:20.552,1,note:attempts=0:leased=true:failed=false,80,2026-10-08 05:42:57.927426+00
02:16:20.802,1,note:attempts=0:leased=true:failed=false,80,2026-10-08 05:42:57.927426+00
02:16:21.053,1,note:attempts=0:leased=true:failed=false,80,2026-10-08 05:42:57.927426+00
02:16:21.302,1,note:attempts=0:leased=true:failed=false,80,2026-10-08 05:42:57.927426+00
02:16:21.553,1,note:attempts=0:leased=true:failed=false,80,2026-10-08 05:42:57.927426+00
02:16:21.802,1,note:attempts=0:leased=true:failed=false,80,2026-10-08 05:42:57.927426+00
02:16:22.052,1,note:attempts=0:leased=true:failed=false,80,2026-10-08 05:42:57.927426+00
02:16:22.302,1,note:attempts=0:leased=true:failed=false,80,2026-10-08 05:42:57.927426+00
02:16:22.552,1,note:attempts=0:leased=true:failed=false,80,2026-10-08 05:42:57.927426+00
02:16:22.802,1,note:attempts=0:leased=true:failed=false,80,2026-10-08 05:42:57.927426+00
02:16:23.053,1,note:attempts=0:leased=true:failed=false,80,2026-10-08 05:42:57.927426+00
02:16:23.302,1,note:attempts=0:leased=true:failed=false,80,2026-10-08 05:42:57.927426+00
02:16:23.552,1,note:attempts=0:leased=true:failed=false,80,2026-10-08 05:42:57.927426+00
02:16:23.802,1,note:attempts=0:leased=true:failed=false,80,2026-10-08 05:42:57.927426+00
02:16:24.052,1,note:attempts=0:leased=true:failed=false,80,2026-10-08 05:42:57.927426+00
02:16:24.303,1,note:attempts=0:leased=true:failed=false,80,2026-10-08 05:42:57.927426+00
02:16:24.553,1,note:attempts=0:leased=true:failed=false,80,2026-10-08 05:42:57.927426+00
02:16:24.802,1,note:attempts=0:leased=true:failed=false,80,2026-10-08 05:42:57.927426+00
02:16:25.053,1,note:attempts=0:leased=true:failed=false,80,2026-10-08 05:42:57.927426+00
02:16:25.303,1,note:attempts=0:leased=true:failed=false,80,2026-10-08 05:42:57.927426+00
02:16:25.552,1,note:attempts=0:leased=true:failed=false,80,2026-10-08 05:42:57.927426+00
02:16:25.805,1,note:attempts=0:leased=true:failed=false,80,2026-10-08 05:42:57.927426+00
02:16:26.052,1,note:attempts=0:leased=true:failed=false,80,2026-10-08 05:42:57.927426+00
02:16:26.302,1,note:attempts=0:leased=true:failed=false,80,2026-10-08 05:42:57.927426+00
02:16:26.552,1,note:attempts=0:leased=true:failed=false,80,2026-10-08 05:42:57.927426+00
02:16:26.802,1,note:attempts=0:leased=true:failed=false,80,2026-10-08 05:42:57.927426+00
02:16:27.053,1,note:attempts=0:leased=true:failed=false,80,2026-10-08 05:42:57.927426+00
02:16:27.304,1,note:attempts=0:leased=true:failed=false,80,2026-10-08 05:42:57.927426+00
02:16:27.552,1,note:attempts=0:leased=true:failed=false,80,2026-10-08 05:42:57.927426+00
02:16:27.802,1,note:attempts=0:leased=true:failed=false,80,2026-10-08 05:42:57.927426+00
02:16:28.054,1,note:attempts=0:leased=true:failed=false,80,2026-10-08 05:42:57.927426+00
02:16:28.302,1,note:attempts=0:leased=true:failed=false,80,2026-10-08 05:42:57.927426+00
02:16:28.552,1,note:attempts=0:leased=true:failed=false,80,2026-10-08 05:42:57.927426+00
02:16:28.802,1,note:attempts=0:leased=true:failed=false,80,2026-10-08 05:42:57.927426+00
02:16:29.052,1,note:attempts=0:leased=true:failed=false,80,2026-10-08 05:42:57.927426+00
02:16:29.302,1,note:attempts=0:leased=true:failed=false,80,2026-10-08 05:42:57.927426+00
02:16:29.552,1,note:attempts=0:leased=true:failed=false,80,2026-10-08 05:42:57.927426+00
02:16:29.802,1,note:attempts=0:leased=true:failed=false,80,2026-10-08 05:42:57.927426+00
02:16:30.052,1,note:attempts=0:leased=true:failed=false,80,2026-10-08 05:42:57.927426+00
02:16:30.302,1,note:attempts=0:leased=true:failed=false,80,2026-10-08 05:42:57.927426+00
02:16:30.552,0,,81,2026-10-09 02:16:17.272475+00
02:16:30.804,0,,81,2026-10-09 02:16:17.272475+00
02:16:31.054,0,,81,2026-10-09 02:16:17.272475+00
02:16:31.302,0,,81,2026-10-09 02:16:17.272475+00
02:16:31.552,0,,81,2026-10-09 02:16:17.272475+00
02:16:31.803,0,,81,2026-10-09 02:16:17.272475+00
02:16:32.053,0,,81,2026-10-09 02:16:17.272475+00
02:16:32.302,0,,81,2026-10-09 02:16:17.272475+00
02:16:32.552,0,,81,2026-10-09 02:16:17.272475+00
02:16:32.802,0,,81,2026-10-09 02:16:17.272475+00
02:16:33.052,0,,81,2026-10-09 02:16:17.272475+00
02:16:33.302,0,,81,2026-10-09 02:16:17.272475+00
02:16:33.552,0,,81,2026-10-09 02:16:17.272475+00
02:16:33.802,0,,81,2026-10-09 02:16:17.272475+00
02:16:34.054,0,,81,2026-10-09 02:16:17.272475+00
02:16:34.303,0,,81,2026-10-09 02:16:17.272475+00
02:16:34.554,0,,81,2026-10-09 02:16:17.272475+00
02:16:34.802,0,,81,2026-10-09 02:16:17.272475+00
02:16:35.052,0,,81,2026-10-09 02:16:17.272475+00
02:16:35.302,0,,81,2026-10-09 02:16:17.272475+00
02:16:35.552,0,,81,2026-10-09 02:16:17.272475+00
02:16:35.803,0,,81,2026-10-09 02:16:17.272475+00
02:16:36.052,0,,81,2026-10-09 02:16:17.272475+00
02:16:36.302,0,,81,2026-10-09 02:16:17.272475+00
02:16:36.552,0,,81,2026-10-09 02:16:17.272475+00
02:16:36.802,0,,81,2026-10-09 02:16:17.272475+00
02:16:37.052,0,,81,2026-10-09 02:16:17.272475+00
02:16:37.302,0,,81,2026-10-09 02:16:17.272475+00
02:16:37.552,0,,81,2026-10-09 02:16:17.272475+00
02:16:37.802,0,,81,2026-10-09 02:16:17.272475+00
02:16:38.052,0,,81,2026-10-09 02:16:17.272475+00
02:16:38.302,0,,81,2026-10-09 02:16:17.272475+00
02:16:38.552,0,,81,2026-10-09 02:16:17.272475+00
02:16:38.802,0,,81,2026-10-09 02:16:17.272475+00
02:16:39.052,0,,81,2026-10-09 02:16:17.272475+00
02:16:39.302,0,,81,2026-10-09 02:16:17.272475+00
02:16:39.552,0,,81,2026-10-09 02:16:17.272475+00
02:16:39.802,0,,81,2026-10-09 02:16:17.272475+00
