t	pg_conns	pb_cl_active	pb_cl_waiting	pb_sv_active	pb_sv_idle	pb_maxwait	core_ms	hub_ms	vllm_ms	load1	memavail_mb	core_cpu	core_mem	items	outbox	failed
23:06:37	8	8	0	0	1	0	150:200	94:200	10:200	2.49	11844	0.15%	99.98MiB 	80	0	0
23:06:42	8	8	0	0	1	0	125:200	94:200	11:200	2.45	11802	0.49%	100.7MiB 	80	0	0
23:06:46	8	8	0	0	1	0	93:200	102:200	16:200	2.42	11870		80	0	0
23:06:51	8						105:urllib.error.URLError: <urlopen error [Errno 111] Connection refused>	108:200	13:200	2.42	11803	94.02%	268.3MiB 	80	0	0
23:06:55	9						141:200	100:200	11:200	2.30	11729	0.45%	278.8MiB 	80	0	0
23:07:00	9						160:200	136:200	11:200	2.20	11804	0.71%	278.4MiB 	80	0	0
23:07:05	9						91:200	95:200	13:200	2.02	11703	0.18%	278.3MiB 	80	0	0
23:07:09	9						106:200	109:200	12:200	2.10	11748	1.07%	279MiB 	80	0	0
23:07:14	9						99:200	96:200	10:200	2.17	11740	0.65%	278.3MiB 	80	0	0
23:07:18	9						94:200	98:200	9:200	2.16	11729	0.15%	278.6MiB 	80	0	0
23:07:23	9						95:200	87:200	12:200	2.07	11787	0.14%	278.3MiB 	80	0	0
23:07:27	9						102:200	104:200	12:200	2.78	11697	0.41%	278.8MiB 	80	0	0
23:07:32	10						117:200	121:200	11:200	2.72	11781	0.73%	278.5MiB 	80	0	0
23:07:36	10						166:200	108:200	9:200	2.74	11681	0.31%	278.7MiB 	80	0	0
23:07:41	10						108:200	96:200	11:200	2.74	11683	0.90%	278.6MiB 	80	0	0
23:07:45	10						102:200	98:200	22:200	2.60	11785	0.72%	278.8MiB 	80	0	0
23:07:50	10						159:200	106:200	12:200	2.47	11684	0.43%	278.7MiB 	80	0	0
23:07:55	10						126:200	95:200	10:200	2.52	11749	0.21%	278.5MiB 	80	0	0
23:07:59	10						93:200	127:200	13:200	3.12	11734	0.19%	278.4MiB 	80	0	0
23:08:04	10						98:200	102:200	13:200	2.95	11679	0.41%	278.9MiB 	80	0	0
23:08:08	10						93:200	106:200	12:200	2.79	11691	0.31%	278.5MiB 	80	0	0
23:08:13	10						96:200	116:200	14:200	2.65	11722	0.18%	278.4MiB 	80	0	0
23:08:17	10						92:200	114:200	12:200	2.67	11699	0.27%	278.6MiB 	80	0	0
23:08:22	10						106:200	96:200	13:200	2.70	11662	1.36%	278.8MiB 	80	0	0
23:08:26	10						175:200	102:200	13:200	2.70	11681	1.11%	278.4MiB 	80	0	0
23:08:31	10						100:200	109:200	16:200	2.64	11754	0.25%	278.5MiB 	80	0	0
23:08:35	10						106:200	99:200	11:200	2.75	11685	0.58%	278.7MiB 	80	0	0
23:08:40	10						96:200	170:200	15:200	2.77	11679	1.29%	278.9MiB 	80	0	0
23:08:45	10						112:200	119:200	14:200	2.79	11738	0.20%	278.5MiB 	80	0	0
23:08:49	10	10	0	0	1	0	92:200	94:200	12:200	2.73	11645	0.21%	278.9MiB 	80	0	0
23:08:54	10	10	0	0	1	0	120:200	102:200	32:200	2.67	11776	0.73%	278.5MiB 	80	0	0
23:08:59	10	10	0	0	1	0	119:200	106:200	13:200	2.62	11748	0.25%	278.5MiB 	80	0	0
23:09:03	10	10	0	0	1	0	98:200	114:200	20:200	2.49	11687	0.72%	278.9MiB 	80	0	0
23:09:08	10	10	0	0	1	0	97:200	95:200	12:200	2.61	11633	1.10%	278.9MiB 	80	0	0
23:09:13	10	10	0	0	1	0	169:200	130:200	10:200	2.48	11688	0.13%	278.4MiB 	80	0	0
23:09:17	10	10	0	0	1	0	114:200	149:200	12:200	2.44	11701	0.78%	278.4MiB 	80	0	0
23:09:22	10	10	0	0	1	0	107:200	100:200	13:200	2.41	11648	0.34%	278.6MiB 	80	0	0
23:09:27	10	10	0	0	1	0	97:200	185:200	10:200	2.45	11716	0.50%	278.6MiB 	80	0	0
23:09:32	10	10	0	0	1	0	105:200	167:200	17:200	2.58	11756	0.35%	278.7MiB 	80	0	0
23:09:36	10	10	0	0	1	0	109:200	98:200	12:200	2.69	11724	0.40%	279MiB 	80	0	0
23:09:41	10	10	0	0	1	0	124:200	146:200	12:200	2.69	11724	0.34%	278.7MiB 	80	0	0
23:09:46	10	10	0	0	1	0	158:200	102:200	12:200	2.80	11735	0.30%	278.5MiB 	80	0	0
23:09:50	10	10	0	0	1	0	137:200	97:200	12:200	2.65	11740	0.67%	279MiB 	80	0	0
23:09:55	10	10	0	0	1	0	95:200	102:200	11:200	2.60	11641	0.13%	278.5MiB 	80	0	0
23:10:00	10	10	0	0	2	0	93:200	136:200	21:200	2.55	11588	0.23%	278.7MiB 	80	0	0
23:10:04	10	10	0	0	2	0	148:200	107:200	12:200	2.35	11715	0.32%	278.5MiB 	80	0	0
23:10:09	10	10	0	0	2	0	124:200	143:200	23:200	2.32	11634	0.21%	278.5MiB 	80	0	0
23:10:14	10	10	0	0	2	0	118:200	158:200	12:200	2.21	11616	0.40%	278.4MiB 	80	0	0
23:10:19	10	10	0	0	2	0	105:200	100:200	13:200	2.20	11744	0.29%	278.5MiB 	80	0	0
23:10:23	10	10	0	0	2	0	97:200	96:200	11:200	2.18	11672	0.15%	278.5MiB 	80	0	0
23:10:28	10	10	0	0	1	0	113:200	178:200	20:200	2.17	11698	0.25%	279MiB 	80	0	0
23:10:33	10	10	0	0	1	0	100:200	91:200	11:200	2.15	11736	0.33%	278.8MiB 	80	0	0
23:10:37	10	10	0	0	1	0	127:200	173:200	11:200	2.14	11792	0.29%	278.8MiB 	80	0	0
23:10:42	10	10	0	0	1	0	92:200	118:200	12:200	2.05	11553	0.31%	278.5MiB 	80	0	0
23:10:47	10	10	0	0	1	0	92:200	93:200	10:200	2.04	11739	1.24%	278.5MiB 	80	0	0
23:10:51	10	10	0	0	1	0	94:200	95:200	10:200	2.04	11676	0.27%	278.6MiB 	80	0	0
23:10:56	10	10	0	0	1	0	104:200	94:200	12:200	2.12	11647	0.53%	278.7MiB 	80	0	0
23:11:00	10	10	0	0	1	0	95:200	102:200	13:200	2.03	11713	1.85%	278.5MiB 	80	0	0
23:11:05	10	10	0	0	1	0	91:200	99:200	11:200	2.11	11733	0.53%	278.5MiB 	80	0	0
23:11:10	10	10	0	0	1	0	100:200	94:200	12:200	2.18	11596	0.26%	278.7MiB 	80	0	0
23:11:14	10	10	0	0	2	0	100:200	105:200	12:200	2.17	11793	0.48%	278.5MiB 	80	0	0
23:11:19	10	10	0	0	2	0	109:200	95:200	15:200	2.07	11642	1.22%	279.5MiB 	80	0	0
23:11:24	10	10	0	0	2	0	92:200	100:200	12:200	1.99	11728	0.29%	278.5MiB 	80	0	0
23:11:28	10	10	0	0	2	0	99:200	90:200	13:200	1.91	11695	0.55%	278.5MiB 	80	0	0
23:11:33	10	10	0	0	2	0	104:200	120:200	12:200	1.91	11727	0.25%	278.4MiB 	80	0	0
23:11:38	10	10	0	0	2	0	183:200	106:200	13:200	1.84	11684	0.69%	278.8MiB 	80	0	0
23:11:43	9	10	0	0	1	0	105:200	98:200	13:200	1.77	11737	1.19%	279.1MiB 	80	0	0
23:11:47	9	10	0	0	1	0	146:200	168:200	12:200	1.95	11715	0.13%	278.6MiB 	80	0	0
23:11:52	9	10	0	0	1	0	97:200	145:200	8:200	2.04	11749	0.31%	279MiB 	80	0	0
23:11:57	9	10	0	0	1	0	94:200	106:200	11:200	2.11	11714	1.41%	278.5MiB 	80	0	0
23:12:01	9	10	0	0	1	0	96:200	158:200	12:200	2.10	11720	0.41%	278.7MiB 	80	0	0
23:12:06	9	10	0	0	1	0	139:200	151:200	12:200	2.10	11740	0.77%	278.5MiB 	80	0	0
23:12:11	9	10	0	0	1	0	107:200	190:200	17:200	2.34	11664	1.40%	278.5MiB 	80	0	0
23:12:16	9	10	0	0	1	0	88:200	90:200	20:200	2.47	11679	0.39%	279.4MiB 	80	0	0
23:12:20	9	10	0	0	1	0	96:200	99:200	11:200	2.43	11711	0.30%	278.5MiB 	80	0	0
23:12:25	9	10	0	0	1	0	94:200	231:200	13:200	2.32	11817	0.57%	278.7MiB 	80	0	0
23:12:30	7	10	0	0	1	0	105:200	95:200	13:200	2.21	11677	0.34%	278.7MiB 	80	0	0
23:12:34	7	10	0	0	1	0	142:200	107:200	12:200	2.19	11724	0.30%	278.5MiB 	80	0	0
23:12:39	7	10	0	0	1	0	106:200	119:200	14:200	2.18	11750	0.54%	278.5MiB 	80	0	0
23:12:44	7	10	0	0	1	0	98:200	102:200	10:200	2.00	11688	0.25%	278.9MiB 	80	0	0
23:12:48	7	10	0	0	1	0	101:200	142:200	9:200	2.16	11762	0.61%	278.5MiB 	80	0	0
23:12:53	7	10	0	0	1	0	105:200	102:200	9:200	2.31	11657	0.61%	279.2MiB 	80	0	0
23:12:58	7	10	0	0	1	0	123:200	106:200	12:200	2.21	11808	0.50%	278.4MiB 	80	0	0
23:13:02	7	10	0	0	1	0	117:200	120:200	14:200	2.19	11743	0.68%	278.7MiB 	80	0	0
23:13:07	7	10	0	0	1	0	123:200	94:200	18:200	2.41	11648	2.52%	278.5MiB 	80	0	0
23:13:12	7	10	0	0	1	0	135:200	105:200	13:200	2.54	11691	0.84%	278.9MiB 	80	0	0
23:13:16	7	10	0	0	1	0	144:200	92:200	12:200	2.58	11708	1.00%	279.1MiB 	80	0	0
23:13:21	7	9	0	0	1	0	111:200	105:200	9:200	2.58	11692	3.19%	278.4MiB 	80	0	0
23:13:26	8	9	0	0	2	0	100:200	118:200	12:200	2.61	11739	0.80%	278.9MiB 	80	0	0
23:13:30	8	9	0	0	2	0	121:200	99:200	9:200	2.56	11701	0.14%	278.4MiB 	80	0	0
23:13:35	8	9	0	0	2	0	152:200	115:200	10:200	2.68	11745	0.26%	278.5MiB 	80	0	0
23:13:40	8	9	0	0	2	0	97:200	126:200	12:200	2.62	11729	0.44%	278.5MiB 	80	0	0
23:13:45	8	9	0	0	2	0	158:200	182:200	31:200	2.73	11681	0.12%	278.7MiB 	80	0	0
23:13:49	8	9	0	0	2	0	92:200	97:200	26:200	2.68	11746	0.30%	278.5MiB 	80	0	0
23:13:54	8	9	0	0	1	0	137:200	132:200	12:200	2.62	11758	0.25%	278.5MiB 	80	0	0
23:13:59	8	9	0	0	1	0	99:200	101:200	10:200	2.89	11725	0.21%	278.6MiB 	80	0	0
23:14:03	8	9	0	0	1	0	152:200	103:200	10:200	2.90	11686	0.36%	278.9MiB 	80	0	0
23:14:08	8	9	0	0	1	0	98:200	102:200	13:200	2.83	11728	0.34%	278.7MiB 	80	0	0
23:14:13	8	9	0	0	2	0	157:200	109:200	10:200	2.84	11786	0.16%	278.8MiB 	80	0	0
23:14:17	8	9	0	0	2	0	98:200	138:200	13:200	2.70	11688	1.43%	278.5MiB 	80	0	0
23:14:22	8	9	0	0	2	0	104:200	123:200	12:200	2.56	11807	0.41%	278.5MiB 	80	0	0
23:14:27	8	9	0	0	2	0	150:200	98:200	10:200	2.59	11760	0.86%	278.9MiB 	80	0	0
23:14:31	8	9	0	0	2	0	100:200	109:200	12:200	2.63	11789	0.79%	278.6MiB 	80	0	0
23:14:36	8	9	0	0	2	0	106:200	108:200	12:200	2.63	11756	1.42%	278.7MiB 	80	0	0
23:14:41	8	9	0	0	1	0	131:200	144:200	12:200	2.42	11781	0.26%	278.4MiB 	80	0	0
23:14:45	8	9	0	0	1	0	148:200	163:200	11:200	2.86	11713	1.71%	278.9MiB 	80	0	0
23:14:50	8	9	0	0	1	0	105:200	96:200	10:200	3.04	11724	0.43%	278.4MiB 	80	0	0
23:14:55	8	9	0	0	1	0	146:200	166:200	31:200	2.95	11805	0.08%	278.4MiB 	80	0	0
23:15:00	8	9	0	0	1	0	96:200	105:200	12:200	2.96	11698	0.74%	278.6MiB 	80	0	0
23:15:04	8	9	0	0	1	0	96:200	94:200	11:200	2.96	11740	0.38%	278.6MiB 	80	0	0
23:15:09	8	9	0	0	1	0	145:200	121:200	11:200	2.88	11769	0.19%	278.3MiB 	80	0	0
23:15:14	8	9	0	0	1	0	99:200	94:200	16:200	2.73	11799	1.99%	279.3MiB 	80	0	0
23:15:18	8	9	0	0	1	0	196:200	103:200	12:200	2.59	11725	0.24%	278.3MiB 	80	0	0
23:15:23	8	9	0	0	2	0	96:200	110:200	9:200	2.63	11718	0.19%	278.5MiB 	80	0	0
23:15:28	8	9	0	0	2	0	94:200	95:200	11:200	2.42	11700	2.60%	280.5MiB 	80	0	0
23:15:32	8	9	0	0	2	0	107:200	126:200	27:200	2.30	11733	1.30%	278.3MiB 	80	0	0
23:15:37	8	9	0	0	2	0	175:200	114:200	19:200	2.20	11684	0.70%	278.3MiB 	80	0	0
23:15:42	8	9	0	0	2	0	91:200	127:200	12:200	2.34	11724	1.01%	279MiB 	80	0	0
23:15:46	8	9	0	0	2	0	95:200	105:200	8:200	2.31	11646	0.55%	278.2MiB 	80	0	0
23:15:51	8	9	0	0	2	0	95:200	150:200	9:200	2.31	11711	0.37%	278.2MiB 	80	0	0
23:15:56	8	9	0	0	1	0	146:200	146:200	10:200	2.13	11730	0.59%	279MiB 	80	0	0
23:16:00	8	9	0	0	2	0	99:200	111:200	11:200	2.04	11738	0.59%	278.3MiB 	80	0	0
23:16:05	8	9	0	0	2	0	143:200	163:200	18:200	1.95	11758	0.12%	278.3MiB 	80	0	0
23:16:10	8	9	0	0	2	0	100:200	94:200	10:200	1.96	11638	1.51%	278.8MiB 	80	0	0
23:16:14	8	9	0	0	2	0	94:200	94:200	11:200	2.12	11693	2.62%	278.4MiB 	80	0	0
23:16:19	8	9	0	0	2	0	130:200	152:200	16:200	2.03	11651	2.19%	278.4MiB 	80	0	0
23:16:24	8	9	0	0	2	0	171:200	102:200	13:200	2.11	11722	0.55%	278.8MiB 	80	0	0
23:16:29	8	9	0	0	2	0	114:200	179:200	14:200	2.18	11718	0.22%	278.3MiB 	80	0	0
23:16:34	8	9	0	0	1	0	125:200	96:200	15:200	2.09	11747	0.30%	279.1MiB 	80	0	0
23:16:38	8	9	0	0	1	0	95:200	96:200	9:200	2.16	11655	1.70%	278.4MiB 	80	0	0
23:16:43	8	9	0	0	1	0	93:200	99:200	12:200	2.07	11694	0.18%	278.3MiB 	80	0	0
23:16:48	8	9	0	0	1	0	95:200	99:200	11:200	1.98	11598	0.20%	278.5MiB 	80	0	0
23:16:52	8	8	0	0	1	0	110:200	96:200	13:200	1.98	11699	1.07%	278.3MiB 	80	0	0
23:16:57	8	8	0	0	1	0	99:200	95:200	12:200	1.98	11680	0.34%	278.5MiB 	80	0	0
23:17:02	8	8	0	0	1	0	96:200	95:200	8:200	2.07	11719	0.54%	278.5MiB 	80	0	0
23:17:06	8	8	0	0	1	0	106:200	116:200	18:200	2.07	11710	1.10%	279.4MiB 	80	0	0
23:17:11	8	8	0	0	1	0	109:200	120:200	11:200	2.06	11556	0.27%	278.5MiB 	80	0	0
23:17:16	8	8	0	0	1	0	95:200	114:200	10:200	2.38	11606	0.25%	278.3MiB 	80	0	0
23:17:20	8	8	0	0	1	0	94:200	102:200	10:200	2.35	11648	1.00%	278.5MiB 	80	0	0
23:17:25	8	8	0	0	1	0	110:200	120:200	12:200	2.56	11581	0.39%	278.2MiB 	80	0	0
23:17:30	8	8	0	0	1	0	100:200	102:200	24:200	2.35	11729	0.15%	278.2MiB 	80	0	0
23:17:34	8	8	0	0	1	0	148:200	106:200	10:200	2.25	11689	0.92%	278.6MiB 	80	0	0
